{
  "version": "1.0",
  "metadata": {
    "title": "Virtual Singer Video Manifest",
    "description": "Defines mouth shapes and gestures for lip-sync video generation",
    "created": "2025-01-01T00:00:00Z",
    "author": "Virtual Singer Team"
  },
  "mouths": [
    {
      "id": "mouth_a",
      "phoneme": "a",
      "name": "あ (a)",
      "url": "https://example.com/mouths/a.mp4",
      "duration": 0.2,
      "width": 512,
      "height": 512,
      "format": "mp4"
    },
    {
      "id": "mouth_i",
      "phoneme": "i",
      "name": "い (i)",
      "url": "https://example.com/mouths/i.mp4",
      "duration": 0.2,
      "width": 512,
      "height": 512,
      "format": "mp4"
    },
    {
      "id": "mouth_u",
      "phoneme": "u",
      "name": "う (u)",
      "url": "https://example.com/mouths/u.mp4",
      "duration": 0.2,
      "width": 512,
      "height": 512,
      "format": "mp4"
    },
    {
      "id": "mouth_e",
      "phoneme": "e",
      "name": "え (e)",
      "url": "https://example.com/mouths/e.mp4",
      "duration": 0.2,
      "width": 512,
      "height": 512,
      "format": "mp4"
    },
    {
      "id": "mouth_o",
      "phoneme": "o",
      "name": "お (o)",
      "url": "https://example.com/mouths/o.mp4",
      "duration": 0.2,
      "width": 512,
      "height": 512,
      "format": "mp4"
    },
    {
      "id": "mouth_n",
      "phoneme": "n",
      "name": "ん (n)",
      "url": "https://example.com/mouths/n.mp4",
      "duration": 0.2,
      "width": 512,
      "height": 512,
      "format": "mp4"
    },
    {
      "id": "mouth_silence",
      "phoneme": "silence",
      "name": "無音",
      "url": "https://example.com/mouths/silence.mp4",
      "duration": 0.2,
      "width": 512,
      "height": 512,
      "format": "mp4"
    }
  ],
  "gestures": [
    {
      "id": "gesture_neutral",
      "name": "ニュートラル",
      "category": "基本",
      "emoji": "😐",
      "url": "https://example.com/gestures/neutral.mp4",
      "duration": 2.0,
      "width": 1920,
      "height": 1080,
      "format": "mp4",
      "thumbnail": "https://example.com/gestures/neutral_thumb.jpg",
      "emotions": ["neutral"],
      "keywords": ["default", "normal"]
    },
    {
      "id": "gesture_smile",
      "name": "笑顔",
      "category": "表情",
      "emoji": "😊",
      "url": "https://example.com/gestures/smile.mp4",
      "duration": 2.0,
      "width": 1920,
      "height": 1080,
      "format": "mp4",
      "thumbnail": "https://example.com/gestures/smile_thumb.jpg",
      "emotions": ["happy", "joy"],
      "keywords": ["smile", "happy", "laugh"]
    },
    {
      "id": "gesture_sad",
      "name": "悲しい",
      "category": "表情",
      "emoji": "😢",
      "url": "https://example.com/gestures/sad.mp4",
      "duration": 2.0,
      "width": 1920,
      "height": 1080,
      "format": "mp4",
      "thumbnail": "https://example.com/gestures/sad_thumb.jpg",
      "emotions": ["sad", "sorrow"],
      "keywords": ["sad", "cry", "sorrow"]
    },
    {
      "id": "gesture_angry",
      "name": "怒り",
      "category": "表情",
      "emoji": "😠",
      "url": "https://example.com/gestures/angry.mp4",
      "duration": 2.0,
      "width": 1920,
      "height": 1080,
      "format": "mp4",
      "thumbnail": "https://example.com/gestures/angry_thumb.jpg",
      "emotions": ["angry", "rage"],
      "keywords": ["angry", "rage", "furious"]
    },
    {
      "id": "gesture_surprised",
      "name": "驚き",
      "category": "表情",
      "emoji": "😲",
      "url": "https://example.com/gestures/surprised.mp4",
      "duration": 2.0,
      "width": 1920,
      "height": 1080,
      "format": "mp4",
      "thumbnail": "https://example.com/gestures/surprised_thumb.jpg",
      "emotions": ["surprised", "shock"],
      "keywords": ["surprised", "shock", "wow"]
    },
    {
      "id": "gesture_wave",
      "name": "手を振る",
      "category": "ジェスチャー",
      "emoji": "👋",
      "url": "https://example.com/gestures/wave.mp4",
      "duration": 2.0,
      "width": 1920,
      "height": 1080,
      "format": "mp4",
      "thumbnail": "https://example.com/gestures/wave_thumb.jpg",
      "emotions": ["greeting"],
      "keywords": ["wave", "hello", "goodbye"]
    },
    {
      "id": "gesture_point",
      "name": "指差す",
      "category": "ジェスチャー",
      "emoji": "👉",
      "url": "https://example.com/gestures/point.mp4",
      "duration": 2.0,
      "width": 1920,
      "height": 1080,
      "format": "mp4",
      "thumbnail": "https://example.com/gestures/point_thumb.jpg",
      "emotions": ["emphasis"],
      "keywords": ["point", "indicate", "emphasize"]
    },
    {
      "id": "gesture_thumbsup",
      "name": "親指立て",
      "category": "ジェスチャー",
      "emoji": "👍",
      "url": "https://example.com/gestures/thumbsup.mp4",
      "duration": 2.0,
      "width": 1920,
      "height": 1080,
      "format": "mp4",
      "thumbnail": "https://example.com/gestures/thumbsup_thumb.jpg",
      "emotions": ["approval", "positive"],
      "keywords": ["thumbsup", "good", "ok", "positive"]
    },
    {
      "id": "gesture_clap",
      "name": "拍手",
      "category": "ジェスチャー",
      "emoji": "👏",
      "url": "https://example.com/gestures/clap.mp4",
      "duration": 2.0,
      "width": 1920,
      "height": 1080,
      "format": "mp4",
      "thumbnail": "https://example.com/gestures/clap_thumb.jpg",
      "emotions": ["celebration", "applause"],
      "keywords": ["clap", "applause", "celebrate"]
    },
    {
      "id": "gesture_dance",
      "name": "ダンス",
      "category": "ジェスチャー",
      "emoji": "💃",
      "url": "https://example.com/gestures/dance.mp4",
      "duration": 3.0,
      "width": 1920,
      "height": 1080,
      "format": "mp4",
      "thumbnail": "https://example.com/gestures/dance_thumb.jpg",
      "emotions": ["joy", "celebration"],
      "keywords": ["dance", "party", "fun"]
    }
  ],
  "settings": {
    "defaultMouthDuration": 0.2,
    "defaultGestureDuration": 2.0,
    "videoResolution": "1920x1080",
    "videoFrameRate": 30,
    "audioSampleRate": 44100,
    "audioChannels": 2
  }
}
